uid,pmcid,title,journal,pubdate,authors,doi
13062802,PMC13062802,A successful treatment of urticaria pigmentosa with omalizumab in a pediatric patient: a case report.,AME Case Rep,2026,Alhajri A; Hussain Albaqshi MA; Almarzooq ZY; Aljughayman MA; Almulla SA; Alkhalifa FS; Alsindi ZS,10.21037/acr-2025-207
13059005,PMC13059005,Reconsidering cytoreductive therapy in high-risk pediatric mastocytosis: From diffuse cutaneous to smoldering systemic disease.,J Allergy Clin Immunol Glob,2026 May,Giavina-Bianchi M; de Paula Santos MF; Jacob AT; Miranda SA; Kalil J; Giavina-Bianchi P,10.1016/j.jacig.2026.100681
13051026,PMC13051026,Omalizumab for Pediatric Cutaneous Mastocytosis: Case Report and Review.,Pediatr Dermatol,2026 Mar-Apr,Chang J; King A; Byrne A; Liy-Wong C,10.1111/pde.70038
13037643,PMC13037643,The Investigation and Management of the Abdominopelvic Vascular Compression Syndromes in Patients with Ehlers-Danlos Syndrome and Hypermobility Spectrum Disorder.,Vasc Health Risk Manag,2026,Bruessel P; Govender M; Frahm-Jensen G,10.2147/VHRM.S592420
13019796,PMC13019796,Management Strategy for Anaphylaxis in a Patient With Suspected or Confirmed Mastocytosis: A Case Report.,Am J Case Rep,2026 Mar 22,Smoluchowski K; Szymański M; Skiba MM; Piasecka M,10.12659/AJCR.951085
12981734,PMC12981734,Recurrent Cyclic Vomiting and Gastroparesis-Like Symptoms in a Patient With Mast Cell Activation Syndrome (MCAS): A Case of Gastrointestinal-Predominant MCAS.,Cureus,2026 Feb,Salib M; Music A; Salib J; Kondilis E; Moss J; Kang S,10.7759/cureus.103302
12971857,PMC12971857,Hereditary Alpha-Tryptasemia and Mastocytosis: What We Know and What We Need To Learn.,Curr Allergy Asthma Rep,2026 Mar 9,Rama TA; Gulen T,10.1007/s11882-026-01262-9
12971043,PMC12971043,Aggressive Systemic Mastocytosis Presenting as Diffuse Osteoblastic Bone Disease: A Diagnostic Pitfall Mimicking Metastatic Cancer.,Eur J Case Rep Intern Med,2026,Melício A; Gonçalves HD; Dias M; Vasconcelos-Teixeira S; Madeira Lopes J,10.12890/2026_006143
12958415,PMC12958415,Multiphasic anaphylaxis in the emergency and intensive care setting.,BMJ Case Rep,2026 Feb 26,Schneider MA; de Groot H; Geerts JW,10.1136/bcr-2025-270996
12922065,PMC12922065,Moyamoya Vasculopathy and Atypical Moyamoya-like Patterns: Insights into Diagnosis and Therapeutic Implications.,NeuroSci,2026 Feb 15,Calandrelli R; Mallio CA; Bernetti C; Massimi L; Pilato F,10.3390/neurosci7010027
12896522,PMC12896522,"Skeletal Involvement in Systemic Mastocytosis: Pathophysiology, Clinical Management, Standards of Care, and Novel Therapeutic Strategies.",Cells,2026 Feb 6,Fazio M; Bottaro A; Nasso ME; Stagno F; Allegra A,10.3390/cells15030307
12884832,PMC12884832,Case report: A case of mast cell leukemia treated with avapritinib: from diagnostic challenge to transplantation.,Front Oncol,2026,Faraci DG; Caravelli D; Schianca FC; Zaniol E; Enrico F; Boffano C; Labate C; Sterpi G; Fornari A; Sangiorgio V; Crisà E,10.3389/fonc.2026.1746589
12881254,PMC12881254,Near-Fatal Mastocytosis Mimicking as Malignant Vasovagal Syncope.,JACC Case Rep,2026 Feb 4,Estublier B; Martin-Blondel A; Berthomieux L; Severino-Freire M; Beneyto M; Rieu JB; Voisin S; Maury P,10.1016/j.jaccas.2025.106290
12856509,PMC12856509,Relapse of Acute Myeloid Leukemia With Concomitant Systemic Mastocytosis Five Years Post Allogenic Hematopoietic Stem Cell Transplantation.,Case Rep Hematol,2026,Vardanyan S; Gjelberg HK; Helgeland L; Tsykunova G; Forthun RB; Reikvam H,10.1155/crh/8965147
12796541,PMC12796541,Refractory cutaneous symptoms in systemic mastocytosis.,JAAD Case Rep,2026 Feb,Gleason L; Bhatti SA; Wallace M; Lee JB; Alpdogan O; Nikbakht N,10.1016/j.jdcr.2025.09.012
12790910,PMC12790910,Twig-Like Middle Cerebral Artery : Acquired Lesion Rather than Congenital Anomaly.,J Korean Neurosurg Soc,2026 Jan,Park YK; Yoon BH; Hwang EH; Kim JH; Kang HI; Won YD; Cheong JW,10.3340/jkns.2025.0059
12757523,PMC12757523,Off-label applications of omalizumab: Current insights and perspectives.,World Allergy Organ J,2025 Dec,Jaromin A; Wardzyńska A,10.1016/j.waojou.2025.101156
12741435,PMC12741435,Avapritinib and corticosteroids in advanced systemic mastocytosis with tumoral CMML and associated thrombocytopenia.,Oxf Med Case Reports,2025 Dec,Abakarim O; Jeddi R; Rossignol J; Hermine O; Delabesse E; Condom P; Laurent C; Botin T,10.1093/omcr/omaf240
12741381,PMC12741381,A probable case of hyaluronic acid injection-induced MAST cell activation syndrome with refractory vasoplegia: A rare complication reversed with hyaluronidase.,JAAD Case Rep,2026 Jan,Cunha JMT; Costa DAM; Munhoz G; Tembra MF; Cavallieri F; Bortolato T; Ramos-E-Silva M,10.1016/j.jdcr.2025.10.067
12675999,PMC12675999,Denosumab as a Potential Disease-Modifying Treatment in Indolent Systemic Mastocytosis-Related Osteoporosis.,JCEM Case Rep,2026 Jan,Abbas M; Luthra P,10.1210/jcemcr/luaf272
12641438,PMC12641438,Cardiovascular manifestations in mast cell activation disease: key insights for cardiologists and angiologists.,Front Cardiovasc Med,2025,Taumann W; Molderings GJ,10.3389/fcvm.2025.1705201
12633608,PMC12633608,"Geography, Ancestry, Age and Sex Shape Somatic Autosomal Mosaic Chromosomal Alterations in Blood.",medRxiv,2025 Oct 20,Won Kang JR; Kim YJ; Skead K; Soave D; Evans J; Bruat V; Harwood MP; Morris Q; Matovu E; Mulindwa J; Noyes H; McLeod A; Hazelhurst S; Lombard Z; Ramsay M; Fave MJ; Awadalla P,10.1101/2025.10.19.25338239
12614038,PMC12614038,Refractory Antiphospholipid Syndrome With Thoracic Outlet and Superior Vena Cava Syndromes: A Complex Case of Recurrent Thrombosis.,Cureus,2025 Oct,Khan TA; Schick S; Figueroa J; Swami J,10.7759/cureus.94557
12615035,PMC12615035,Chronic Anaphylaxis With Indolent Systemic Mastocytosis: A Case Report.,Case Rep Hematol,2025,Worth S; George TI; Shaheen DJ; Roche M; Vachhani P,10.1155/crh/9562195
12539782,PMC12539782,Anesthetic Considerations for Cesarean Section in a Woman With Systemic Mastocytosis.,Cureus,2025 Sep,Phipps W; Richardson L; Jolly E,10.7759/cureus.92864
12525111,PMC12525111,"Gender and Allergy: Mechanisms, Clinical Phenotypes, and Therapeutic Response-A Position Paper from the Società Italiana di Allergologia, Asma ed Immunologia Clinica (SIAAIC).",Int J Mol Sci,2025 Oct 1,Ventura MT; Giuliano AFM; Boni E; Brussino L; Buquicchio R; Conte M; Costantino MT; Crivellaro MA; Giuliani IMR; Losa F; Nicola S; Parronchi P; Peveri S; Ridolo E; Triggianese P; Patella V,10.3390/ijms26199605
12512096,PMC12512096,Midostaurin in daily clinical practice of patients with advanced systemic mastocytosis.,Br J Haematol,2025 Oct,Lübke J; Naumann N; Brand T; Steiner L; Repp R; Metzgeroth G; Fabarius A; Hofmann WK; Radia DH; Reiter A; Schwaab J,10.1111/bjh.70065
12433324,PMC12433324,KIT-Negative Systemic Mastocytosis Associated With Acute Myeloid Leukemia.,Case Rep Oncol Med,2025,Ali K; Rashid T; Miatech J; Karan A; Chandler Z; Garcia GD; Quan WJR,10.1155/crom/3563591
12432041,PMC12432041,"The evaluation, management, and future of indolent systemic mastocytosis.",Ann Hematol,2025 Aug,Syal A; Toh J; McInerney A; Tremblay D,10.1007/s00277-025-06475-y
12405650,PMC12405650,"Mucinous Cystadenocarcinomas of the Breast Exhibit Heterogeneous Genomic Profile as Triple Negative Breast Cancer, Harbor Alterations in PIK3CA, PTEN, AKT1, and GNAS Genes, and May Not Be Indolent.",Int J Surg Pathol,2025 Oct,Tondi Resta I; Nelson ND; Toorens E; Bleiweiss IJ; Nayak A,10.1177/10668969251331202
12404107,PMC12404107,Mast Cell Leukemia: Comprehensive Review of Literature With Current Insights and Updates on Management.,J Hematol,2025 Aug,Idamakanti M; Ebaid A; Bijjam RI; Bakhirev A,10.14740/jh2104
12371744,PMC12371744,Evaluating Melanoma Risk in Adult Mastocytosis: Potential Impact of Detection Bias - A Registry-based Study (Sweden).,Acta Derm Venereol,2025 Aug 18,Bergström A; Hägglund H; Berglund A; Nilsson G; Lambe M,10.2340/actadv.v105.43052
12347703,PMC12347703,The Pulmonary Manifestation of Mastocytosis: Experiences of the National Reference Centre of Excellence.,J Clin Med,2025 Aug 3,Sztormowska M; Górska A; Piskunowicz M; Górska L; Nazar W; Chełmińska M; Kuziemski K; Jassem E; Niedoszytko M,10.3390/jcm14155455
12343066,PMC12343066,Unmasking systemic mastocytosis: a case of gastrointestinal involvement misdiagnosed as achalasia.,J Surg Case Rep,2025 Aug,Nouri A; Rajab I; Ayaseh QZ; Hussein A; Farokhian A; Cavanagh Y,10.1093/jscr/rjaf590
12334448,PMC12334448,"Avapritinib monotherapy induces rapid and deep remission of heavily treated, KIT D816H-mutated t(8;21) acute myeloid leukemia, a case report and literature review.",Ann Hematol,2025 Jul,Getz TM; Bakirhan K; Seropian S; Shallis RM,10.1007/s00277-025-06388-w
12296355,PMC12296355,Schnitzler syndrome - a rare cause of chronic urticaria. Case report.,Oxf Med Case Reports,2025 Jul,Moos Ł; Kułakowska A; Szydłowska D; Chodak W; Brzoza Z,10.1093/omcr/omaf118
12264227,PMC12264227,Case report: Experience of a rare case of primary acute mast cell leukemia.,Leuk Res Rep,2025,Pan Z; Zhang Y; Guo Y; Sun J; Guo X; Guo Z,10.1016/j.lrr.2025.100510
12246164,PMC12246164,Impact of major congenital anomalies on preterm birth and low birth weight.,Sci Rep,2025 Jul 10,Adam H; Ghenimi N; Minsart AF; Narchi H; Al Awar S; Al Hajeri OM; Elbarazi I; Al-Rifai RH; Ahmed LA,10.1038/s41598-025-10020-2
12202291,PMC12202291,Idiopathic cutaneous Mastocytosis mimicking infantile psoriasis in a six-month-old male: a rare presentation.,Oxf Med Case Reports,2025 Jun,Diaz Q C; Lippmann D; Rios D; Caravantes RA; Perez C; Roquel I,10.1093/omcr/omaf077
12076930,PMC12076930,Trends and hotspots on hymenoptera venom immunotherapy: a bibliometric and visualized analysis of research from 2014 to 2024.,Front Immunol,2025,Luo Y; Guan M; Yu Y,10.3389/fimmu.2025.1546704
12052678,PMC12052678,Systemic mastocytosis: current status and challenges in 2024.,Blood Adv,2025 May 13,Ustun C; Keklik Karadag F; Linden MA; Valent P; Akin C,10.1182/bloodadvances.2024012612
12030918,PMC12030918,Genomic and clinical‑pathological features of mucinous cystadenocarcinoma of the breast with HER2 amplification: A case report.,Oncol Lett,2025 Jun,Liu L; Li M; Qiu X; Zheng X; Zheng G; Yang H,10.3892/ol.2025.15050
11869997,PMC11869997,The Normal Range of Baseline Tryptase Should Be 1 to 15 ng/mL and Covers Healthy Individuals With HαT.,J Allergy Clin Immunol Pract,2023 Oct,Valent P; Hoermann G; Bonadonna P; Hartmann K; Sperr WR; Broesby-Olsen S; Brockow K; Niedoszytko M; Hermine O; Chantran Y; Butterfield JH; Greiner G; Carter MC; Sabato V; Radia DH; Siebenhaar F; Triggiani M; Gülen T; Alvarez-Twose I; Staudinger T; Traby L; Sotlar K; Reiter A; Horny HP; Orfao A; Galli SJ; Schwartz LB; Lyons JJ; Gotlib J; Metcalfe DD; Arock M; Akin C,10.1016/j.jaip.2023.08.008
11825596,PMC11825596,Management of Bone Health in Adult Mastocytosis.,Curr Osteoporos Rep,2025 Feb 13,Degboé Y; Nezzar C; Alary P; Maëva M; Bulai Livideanu C; Laroche M,10.1007/s11914-025-00901-w
11803904,PMC11803904,A rare case of pediatric cutaneous bullous mastocytosis.,JAAD Case Rep,2025 Mar,Roux J; Pham CT; Yale K; Rojek NW; Linden K; Doan L,10.1016/j.jdcr.2024.11.041
11773267,PMC11773267,Characterization of patients with clonal mast cells in the bone marrow with clinical significance not otherwise specified.,EClinicalMedicine,2025 Feb,Ballul T; Sabato V; Valent P; Hermine O; Lortholary O; Rossignol J; CEREMAST study group,10.1016/j.eclinm.2024.103043
11771442,PMC11771442,P-18 THREE BODY PROBLEM PATIENT: EHLER DANLOS SYNDROME COMBINED WITH HYPOPHOSPHATASIA AND FATTY ACID OXIDATION DEFECT.,JCEM Case Rep,2025 Jan,Salva H; Yavuz DG,10.1210/jcemcr/luae218.021
11771440,PMC11771440,P-70 THYMIC HYPERPLASIA AND GRAVES' DISEASE: IS THERE A HIDDEN AUTOIMMUNE DISORDER?,JCEM Case Rep,2025 Jan,Slato AD; Šakić B; Nalbani Spahić E; Burekovic A,10.1210/jcemcr/luae218.069
11676300,PMC11676300,Exploring Pediatric Dermatology in Skin of Color: Focus on Dermoscopy.,Life (Basel),2024 Dec 4,Karampinis E; Toli O; Georgopoulou KE; Papadopoulou MM; Vardiampasi A; Zafiriou E; Lazaridou E; Apalla Z; Lallas A; Behera B; Errichetti E,10.3390/life14121604
11671108,PMC11671108,Recalcitrant Pustular Dermatosis Successfully Treated With Prolonged Isotretinoin Therapy.,Cureus,2024 Nov,Aoki KC; Smithy W; Au S; Bartos S,10.7759/cureus.74501
11662473,PMC11662473,Hymenoptera venom allergy in children.,Ital J Pediatr,2024 Dec 20,Giovannini M; Mori F; Barni S; Saretta F; Arasi S; Castagnoli R; Liotti L; Mastrorilli C; Pecoraro L; Caminiti L; Sturm GJ; Marseglia GL; Del Giudice MM; Novembre E,10.1186/s13052-024-01731-9
11651727,PMC11651727,Unveiling the Uncommon: A Case Report of Horner's Syndrome as a Rare Glimpse Into Giant Cell Arteritis.,Case Rep Neurol Med,2024,Barr E; Levesque J; Badir J; Dunston R; Ranasinghe T,10.1155/crnm/2503963
11625085,PMC11625085,KIT V560D-Mutated Systemic Mastocytosis Associated With High-Risk Myelodysplastic Syndrome: A Unique Case of Systemic Mastocytosis-Associated Hematologic Neoplasm.,Case Rep Hematol,2024,Medawar G; Sakalabaktula K; Magri J; Rinker E; Baratam P,10.1155/crh/4360304
11607125,PMC11607125,"Recurrent prosthetic mitral valve thrombosis: First report of an unusual feature of systemic mastocytosis, a case report and review of the literature.",Caspian J Intern Med,2025 Winter,Akbarzadehpasha A; Lotfi Z; Omidvar R; Goodarzi A; Hosseini S; Sadeghzadeh Bazargan A; Kamyab Hesari K,10.22088/cjim.16.1.178
11596688,PMC11596688,Osteoporosis in Systemic Mastocytosis: A Scoping Review.,Medicina (Kaunas),2024 Oct 24,Letizia Mauro G; Accomando J; Tomasello S; Duca A; Mangano MS; de Sire A; Vecchio M; Scaturro D,10.3390/medicina60111752
11470813,PMC11470813,Non-aneurysmal Subarachnoid Hemorrhage Due to an Aplastic or Twig-Like Middle Cerebral Artery Diagnosed by Cone Beam CT and M1 Selective Angiography: A Case Report.,Cureus,2024 Sep,Kimura S; Yagi R; Yamada K; Taniguchi H; Wanibuchi M,10.7759/cureus.69285
11465966,PMC11465966,Severe Anaphylaxis From Remimazolam in a Mastocytosis Cancer Patient: A Case Report.,Cureus,2024 Sep,Mani J; Strang A; Faruki AA; Siddiqui ZA; Mena G,10.7759/cureus.69079
11444605,PMC11444605,Indolent systemic mastocytosis (ISM) without skin lesions as a recurrent anaphylaxis: a case report study.,Ann Med Surg (Lond),2024 Oct,Ghelichi-Ghojogh M; Ebrahimi M; Ghezeljeh E; Delavari S; Aghapour SA,10.1097/MS9.0000000000002472
11439156,PMC11439156,Management of Refractory Anaphylaxis: An Overview of Current Guidelines.,Clin Exp Allergy,2024 Jul,Pouessel G; Dribin TE; Tacquard C; Tanno LK; Cardona V; Worm M; Deschildre A; Muraro A; Garvey LH; Turner PJ,10.1111/cea.14514
11434177,PMC11434177,Tryptase: The Silent Witness of Past and Ongoing Systemic Events.,Medicina (Kaunas),2024 Aug 23,Oštrić Pavlović I; Radović S; Krtinić D; Spirić J; Kusić N; Veličković A; Tomić-Spirić V,10.3390/medicina60091380
11361272,PMC11361272,Diagnostic measures in patients with severe insect sting reactions and elevated baseline serum tryptase levels.,Allergol Select,2024,Lange S; Oppel E; Winkler M; Ruëff F,10.5414/ALX02524E
11303256,PMC11303256,Clinical and biological characteristics associated with bronchial or pulmonary abnormalities on chest CT imaging in patients with systemic mastocytosis.,Clin Transl Allergy,2024 Aug,Vallière R; Bulai Livideanu C; Villeneuve T; Prévot G; Reber LL; Guilleminault L,10.1002/clt2.12387
11236357,PMC11236357,Unraveling the Rare Entity of KIT D816V-Negative Systemic Mastocytosis.,J Hematol,2024 Jun,Alyamany R; Albachir CA; Alsaleh S; Hamad A; Abdulwali SK; Alotaibi AS; Ahmed SO; Alfayez M,10.14740/jh1279
11187405,PMC11187405,Comparison of the effects of abdominal massage and osteopathic manipulative treatment home program on constipation in children with cerebral palsy.,JGH Open,2024 Jun,Chatip AT; Acar G; Akçay AA,10.1002/jgh3.13102
11177828,PMC11177828,"Imatinib and Trigger Avoidance for Mast Cell Activation Syndrome Presenting With Attacks of Abdominal Pain, Nausea, Vomiting, and Diarrhea.",ACG Case Rep J,2024 Jun,Weinstock LB; Tenkhoff M; Gutovich J; Afrin LB,10.14309/crj.0000000000001383
11154339,PMC11154339,Diffuse Cutaneous Mastocytosis: A Current Understanding of a Rare Disease.,Int J Mol Sci,2024 Jan 23,Rydz A; Lange M; Ługowska-Umer H; Sikorska M; Nowicki RJ; Morales-Cabeza C; Alvarez-Twose I,10.3390/ijms25031401
11127591,PMC11127591,A Vertebral Fracture Unmasking Systemic Mastocytosis in a 29-Year-Old Man.,AACE Clin Case Rep,2024 May-Jun,Nguyen CN; Boggs NA; Maxwell DB; Danielson DT; Hoang TD,10.1016/j.aace.2024.02.003
11090565,PMC11090565,Sequential mechanical thrombectomies in acute bilateral middle cerebral artery strokes: A case report and review of literature.,J Neurosci Rural Pract,2024 Apr-Jun,Phuyal S; Pokhrel B; Lamsal R; Mishra B; Nayak MK,10.25259/JNRP_26_2024
10990027,PMC10990027,Complete remission with histamine blocker in a patient with intractable hyperadrenergic postural orthostatic tachycardia syndrome secondary to long coronavirus disease syndrome.,J Hypertens,2024 May 1,González-Alvarez F; Estañol B; González-Hermosillo JA; Gómez-Pérez FJ; Tamez-Torres KM; Peña E; Cantú C; Chiquete E; Sifuentes-Osornio J; Alba-Lorenzo MDC; Celestino-Montelongo DA; Salazar-Calderón GE; Aceves Buendia JJ,10.1097/HJH.0000000000003669
10890967,PMC10890967,A case of indolent systemic mastocytosis responding to treatment with Avapritinib.,Clin Case Rep,2024 Feb,Sun T; Xavier M,10.1002/ccr3.8500
10875270,PMC10875270,A multicenter retrospective comparison between systemic mastocytosis with t(8;21) AML and KIT mutant t(8;21) AML.,Blood Adv,2024 Feb 27,Zhang Z; Yin J; Lian G; Bao X; Hu M; Liu Z; Yu Y; Mi R; Zuo Y; Shi P; Zheng W; Jiang Q; Chao H; Xiao P; Yu W; Han Y; Wu Y; Zeng Y; Wu D; Yang X; Chen S,10.1182/bloodadvances.2023012006
10871832,PMC10871832,Diagnosis and treatment of mast cell disorders: practical recommendations.,Sao Paulo Med J,2013,Sandes AF; Medeiros RS; Rizzatti EG,10.1590/1516-3180.2013.1314590
10854835,PMC10854835,Poor Applicability of Currently Available Prognostic Scoring Systems for Prediction of Outcome in KIT D816V-Negative Advanced Systemic Mastocytosis.,Cancers (Basel),2024 Jan 30,Naumann N; Rudelius M; Lübke J; Christen D; Bresser J; Sotlar K; Metzgeroth G; Fabarius A; Hofmann WK; Panse J; Horny HP; Cross NCP; Reiter A; Schwaab J,10.3390/cancers16030593
10852104,PMC10852104,Indolent systemic mastocytosis limited to the bone: a case report and review of the literature.,Sao Paulo Med J,2013,Pinto-Lopes P; Fonseca FA; Silva R; Hafe Pv; Fonseca E,10.1590/1516-3180.2013.1313460
10829777,PMC10829777,A 48-Year-Old Man With a Hip Fracture and Skin Rash: A Case Report.,AACE Clin Case Rep,2024 Jan-Feb,Parker JA; Hou R,10.1016/j.aace.2023.10.003
10814743,PMC10814743,Hematological Neoplasms with Eosinophilia.,Cancers (Basel),2024 Jan 12,Morales-Camacho RM; Caballero-Velázquez T; Borrero JJ; Bernal R; Prats-Martín C,10.3390/cancers16020337
10814166,PMC10814166,Challenges in Drug and Hymenoptera Venom Hypersensitivity Diagnosis and Management in Mastocytosis.,Diagnostics (Basel),2024 Jan 5,Giannetti MP; Nicoloro-SantaBarbara J; Godwin G; Middlesworth J; Espeland A; Douvas JL; Castells MC,10.3390/diagnostics14020123
10803124,PMC10803124,"How to handle off-label prescriptions of rupatadine, a second-generation antihistamine and PAF antagonist: a review.",Drugs Context,2024,Izquierdo I; Casas L; Cabrera S; Fernandez A,10.7573/dic.2023-9-5
10781526,PMC10781526,Renal Extramedullary Hematopoiesis in Mast Cell Leukemia with Bone Marrow Fibrosis.,Case Rep Hematol,2024,Rieke DT; Schmalbrock LK; Ihlow J; Kleo K; von Brünneck AC; Nolte F; Keller U; Ochsenreither S,10.1155/2024/3502887
10725995,PMC10725995,Urticaria pigmentosa and systemic mastocytosis.,Clin Case Rep,2023 Dec,Keow J; Chin-Yee B; Hsia CC; Robertson K,10.1002/ccr3.8302
10718195,PMC10718195,"Cognitive, neuropsychiatric and neurological alterations in mastocytosis: A systematic review.",Clin Transl Allergy,2023 Dec,Sagües-Sesé E; García-Casares N; Álvarez-Twose I,10.1002/clt2.12319
10712720,PMC10712720,"Diagnosis, Treatment, and Prognosis of Patients with Primary Familial Gastrointestinal Stromal Tumor: A Case Report and Literature Review.",Oncologist,2023 Dec 11,Yan M; Lin J; Shu M; Luo Y; Sun K; Yang S; Zhang X,10.1093/oncolo/oyad168
10686014,PMC10686014,Aggressive systemic mastocytosis with multiple organ involvement: a case report.,Oxf Med Case Reports,2023 Nov,Iranijam E; Salimi M; Negaresh M; Javanshir N,10.1093/omcr/omad095
10607143,PMC10607143,Antibody-Based and Cell Therapies for Advanced Mastocytosis: Established and Novel Concepts.,Int J Mol Sci,2023 Oct 12,Valent P; Akin C; Arock M; Gleixner KV; Greinix H; Hermine O; Horny HP; Ivanov D; Orfao A; Rabitsch W; Reiter A; Schulenburg A; Sotlar K; Sperr WR; Ustun C,10.3390/ijms242015125
10647312,PMC10647312,"A Puzzling Mast Cell Trilogy: Anaphylaxis, MCAS, and Mastocytosis.",Diagnostics (Basel),2023 Oct 25,Gülen T,10.3390/diagnostics13213307
10580978,PMC10580978,"Diagnosis and treatment of Hymenoptera venom allergy: S2k Guideline of the German Society of Allergology and Clinical Immunology (DGAKI) in collaboration with the Arbeitsgemeinschaft für Berufs- und Umweltdermatologie e.V. (ABD), the Medical Association of German Allergologists (AeDA), the German Society of Dermatology (DDG), the German Society of Oto-Rhino-Laryngology, Head and Neck Surgery (DGHNOKC), the German Society of Pediatrics and Adolescent Medicine (DGKJ), the Society for Pediatric Allergy and Environmental Medicine (GPA), German Respiratory Society (DGP), and the Austrian Society for Allergy and Immunology (ÖGAI).",Allergol Select,2023,Ruëff F; Bauer A; Becker S; Brehler R; Brockow K; Chaker AM; Darsow U; Fischer J; Fuchs T; Gerstlauer M; Gernert S; Hamelmann E; Hötzenecker W; Klimek L; Lange L; Merk H; Mülleneisen NK; Neustädter I; Pfützner W; Sieber W; Sitter H; Skudlik C; Treudler R; Wedi B; Wöhrl S; Worm M; Jakob T,10.5414/ALX02430E
10580708,PMC10580708,Successful Mechanical Thrombectomy of Bilateral Middle Cerebral Artery Occlusions Following Apixaban Discontinuation.,J Investig Med High Impact Case Rep,2023 Jan-Dec,Srichawla BS; Fang T; Bose A; Kipkorir V; Ferris A,10.1177/23247096231206624
10469220,PMC10469220,Eosinophilia in a patient with aggressive systemic mastocytosis harboring a KIT D816V mutation: A case report.,SAGE Open Med Case Rep,2023,Cao L; Tong H; Liu X; Pan Q; Xu Y; Lai J; Zheng W; Huang J; Wang Z; Ye S; Zhang L; Qin J; Jin J,10.1177/2050313X231197322
10425246,PMC10425246,Systemic Mastocytosis: A Mimicker of Reactive Arthritis.,Case Rep Rheumatol,2023,Nasrallah OG; Mohty R; El-Cheikh J; Merashli M,10.1155/2023/6655005
10381535,PMC10381535,Mast Cell Activation Syndrome Update-A Dermatological Perspective.,J Pers Med,2023 Jul 10,Mihele DM; Nistor PA; Bruma G; Mitran CI; Mitran MI; Condrat CE; Tovaru M; Tampa M; Georgescu SR,10.3390/jpm13071116
10372046,PMC10372046,Unusual presentation of maculopapular cutaneous mastocytosis in an infant with skin of color.,JAAD Case Rep,2023 Aug,Markeson C; Metkowski A; Huang S; Hsu S; Heath C,10.1016/j.jdcr.2023.02.025
10352544,PMC10352544,A case of high-risk AML in a patient with advanced systemic mastocytosis.,Clin Case Rep,2023 Jul,Fazio M; Vetro C; Markovic U; Duminuco A; Parisi M; Maugeri C; Mauro E; Parrinello NL; Stagno F; Villari L; Triolo AM; Stella S; Palumbo GA; Di Raimondo F; Romano A; Zanotti R,10.1002/ccr3.7134
10337288,PMC10337288,Skin and bones: systemic mastocytosis and bone.,Endocrinol Diabetes Metab Case Rep,2023 May 1,Wang M; Seibel MJ,10.1530/EDM-22-0408
10328639,PMC10328639,Acute Appendicitis as the First and the Only Presentation of Systemic Mastocytosis.,ACG Case Rep J,2023 Jul,Sarwate M; Bakhshwin A,10.14309/crj.0000000000001089
10315773,PMC10315773,"Systemic mastocytosis, in the context of a deleterious germline SDHC variant, treated with ripretinib.",JAAD Case Rep,2023 Jul,Saheb Kashaf S; Godley LA; Chadha A; Waldinger JB,10.1016/j.jdcr.2023.04.007
10313892,PMC10313892,Simultaneous diagnosis of papillary thyroid cancer and systemic mastocytosis.,Clin Case Rep,2023 Jul,Brown KF; Bloomer ZW; Shakir MKM; Cognetti MJ; Muir JM; Hoang TD,10.1002/ccr3.7507
10309087,PMC10309087,Recalcitrant Cutaneous Mastocytosis Treated With Genetically Informed Targeted Therapy: A Case Report.,Int J Dermatol Venereol,2023 Jun,Gleason L; Tekmen V; Cohen A; Bhatti S; Beksac B; Cha J; Porcu P; Nikbakht N,10.1097/JD9.0000000000000243
10298540,PMC10298540,Mastocytosis and Skin Cancer: The Current State of Knowledge.,Int J Mol Sci,2023 Jun 7,Kaszuba A; Sławińska M; Żółkiewicz J; Sobjanek M; Nowicki RJ; Lange M,10.3390/ijms24129840
10248858,PMC10248858,Avapritinib treatment of KIT D816V-mutant atypical chronic myeloid leukemia.,Leuk Res Rep,2023,Sandow L; Heinrich M,10.1016/j.lrr.2023.100371
10220212,PMC10220212,Indolent systemic mastocytosis and aleukemic mast cell leukemia: Subtle diagnostic differences with distinct management approaches.,JAAD Case Rep,2023 Jun,Paiva ML; Yumeen S; Saliba E; DiMarco C,10.1016/j.jdcr.2023.04.009
10220213,PMC10220213,Primary cutaneous lymphoma in a patient with mastocytosis: Is there an association?,JAAD Case Rep,2023 Jun,Kincaid CM; Phong C; Arnold JD; Fan X; Lee BA; Mesinkovska NA,10.1016/j.jdcr.2023.03.015
10220894,PMC10220894,Endocarditis with Streptococcus pseudoporcinus Associated with Mastocytosis and Spondylodiscitis-A Coincidental Association? A Case Report.,Trop Med Infect Dis,2023 Apr 25,Birlutiu V; Birlutiu RM; Teodoru M; Catana AC; Stoica CI,10.3390/tropicalmed8050247
10123330,PMC10123330,Internal Carotid Artery Agenesis: A Rare Entity.,Cureus,2023 Mar,Kulhari A; Singh A; Fourcand F; Zacharatos H; Mehta S; Kirmani JF,10.7759/cureus.36640
10099671,PMC10099671,Clearance of bone marrow mast cells after hypomethylating agent and venetoclax for systemic mastocytosis associated with myeloid neoplasia.,Eur J Haematol,2023 Feb,Pourhassan H; Kim Y; Pullarkat V,10.1111/ejh.13894
10046872,PMC10046872,Mast Cell Leukemia: An Update with a Practical Review.,Cancers (Basel),2023 Mar 8,Zanelli M; Quintini M; Magnasco S; Aprile L; Palicelli A; Zizzo M; Sanguedolce F; Ricci S; Pancetti S; Zuccalà V; Martino V; Broggi G; Caltabiano R; Cavazza A; Parente P; Mecucci C; Martino G; Ascani S,10.3390/cancers15061664
9918867,PMC9918867,Delayed Diagnosis of Indolent Systemic Mastocytosis as the Cause of Unexplained Skin Rash: A Case Report.,Case Rep Oncol,2023 Jan-Dec,Alshurafa A; Abu-Tineh M; Ibrahim FA; Petkar M; Yassin MA,10.1159/000529347
9917416,PMC9917416,A Practical Approach to Systemic Mastocytosis Complications in Cardiac Surgery: A Case Report and Systematic Review of the Literature.,J Clin Med,2023 Feb 1,Suleiman MN; Brueckl V; Fechner J; Kaemmerer AS; Wilk F; Weyand M; Harig F,10.3390/jcm12031156
9892685,PMC9892685,"Mast Cell Sarcoma of Small Intestine, Early Diagnosis, and Good Prognosis: An Extremely Rare Case Report and Review of the Literature.",Gastrointest Tumors,2023 Jan-Dec,Geramizadeh B; Nabavizadeh S; Rezvani A; Shamsolvaezin N; Zahedinassab A; Khodadadi N; Iranpour P,10.1159/000528887
9839392,PMC9839392,Successful treatment with Omalizumab of a child affected by Systemic Mastocytosis: clinical and biological implications.,Ital J Pediatr,2023 Jan 13,Bossi G; Brazzelli V; De Amici M; Pietra D; Raviola C; Naso M; Regalbuto C; Boselli F; Fortina V; Marseglia GL,10.1186/s13052-022-01402-7
9834603,PMC9834603,Mixed primary mucinous cystadenocarcinoma and invasive ductal carcinoma of the breast: a case report and literature review.,Transl Cancer Res,2022 Dec,Zuo C; Xie J,10.21037/tcr-22-1596
9806352,PMC9806352,Stings on wings: Proteotranscriptomic and biochemical profiling of the lesser banded hornet (Vespa affinis) venom.,Front Mol Biosci,2022,Sunagar K; Khochare S; Jaglan A; Senthil S; Suranse V,10.3389/fmolb.2022.1066793
9795958,PMC9795958,A case of annular erythema of infancy accompanied by elevated tryptase.,Pediatr Dermatol,2022 Sep,Kingsley JT; Lee EB; Adams JL,10.1111/pde.15037
9784954,PMC9784954,Management of Adult Patients with Gastrointestinal Symptoms from Food Hypersensitivity-Narrative Review.,J Clin Med,2022 Dec 9,Kanikowska A; Janisz S; Mańkowska-Wierzbicka D; Gabryel M; Dobrowolska A; Eder P,10.3390/jcm11247326
9763144,PMC9763144,Sugammadex in systemic mastocytosis : Case report and a systematic review of literature.,Anaesthesiologie,2022 Dec,Becerra-Bolaños A; Muiño-Palomar V; Cabrera-Doreste S; Rodríguez-Pérez A,10.1007/s00101-021-01069-5
9724157,PMC9724157,Mast cell activation syndrome-anesthetic challenges in two different clinical scenarios.,J Biomed Res,2022 May 28,Lide B; Mcguire S; Liu H; Chandler C,10.7555/JBR.36.20220071
9649302,PMC9649302,Systemic Mastocytosis in a Patient with BCR-ABL1-Positive Chronic Myeloid Leukemia in the Remission Phase.,Case Rep Hematol,2022,Fokoloros C; Foukas P; Georgakopoulos N; Tsakiraki Z; Bouchla A; Pappa V; Katoulis A; Makris M; Papageorgiou S,10.1155/2022/7251658
9483819,PMC9483819,Lenalidomide-induced autoimmune enteropathy complicating treatment of multiple myeloma with concurrent systemic mastocytosis.,Clin Case Rep,2022 Sep,Lakritz S; Forsberg PA; Sherbenou DW; Mark TM,10.1002/ccr3.6199
9410418,PMC9410418,Dermoscopic Features of Different Forms of Cutaneous Mastocytosis: A Systematic Review.,J Clin Med,2022 Aug 9,Sławińska M; Kaszuba A; Lange M; Nowicki RJ; Sobjanek M; Errichetti E,10.3390/jcm11164649
9228930,PMC9228930,Connecting the Dots in Emerging Mast Cell Research: Do Factors Affecting Mast Cell Activation Provide a Missing Link between Adverse COVID-19 Outcomes and the Social Determinants of Health?,Med Sci (Basel),2022 May 28,da Silveira Gorman R; Syed IU,10.3390/medsci10020029
9092525,PMC9092525,Mastocytosis: Fertility and Pregnancy Management in a Rare Disease.,Front Oncol,2022,Ferrari J; Benvenuti P; Bono E; Fiorelli N; Elena C,10.3389/fonc.2022.874178
8947295,PMC8947295,Systemic Mastocytosis Treatment with Midostaurin: [(18)F]FDG PET/CT as a Potential Monitoring Tool for Therapy Outcome.,Diagnostics (Basel),2022 Mar 10,Burgard C; Rosar F; Khreish F; Ezziddin S,10.3390/diagnostics12030680
8740000,PMC8740000,Newly Developed Psoriasis in a Patient with Telangiectasia Macularis Eruptiva Perstans and Systemic Mastocytosis Treated with Interferon.,Case Rep Dermatol,2021 Sep-Dec,Péčová T; Burjanivová T; Malicherová B; Péč MJ; Rohoň I; Madleňák M; Adamicová K; Péč J,10.1159/000520533
8779641,PMC8779641,Post-HPV-Vaccination Mast Cell Activation Syndrome: Possible Vaccine-Triggered Escalation of Undiagnosed Pre-Existing Mast Cell Disease?,Vaccines (Basel),2022 Jan 16,Afrin LB; Dempsey TT; Weinstock LB,10.3390/vaccines10010127
8750954,PMC8750954,Cutaneous mastocytosis in childhood.,Allergol Select,2022,Nemat K; Abraham S,10.5414/ALX02304E
8690422,PMC8690422,Quality of life in patients with allergic and immunologic skin diseases: in the eye of the beholder.,Clin Mol Allergy,2021 Dec 20,Di Agosta E; Salvati L; Corazza M; Baiardini I; Ambrogio F; Angileri L; Antonelli E; Belluzzo F; Bonamonte D; Bonzano L; Brancaccio R; Custurone P; De Marco A; Detoraki A; Di Guida A; Di Leo E; Fantò M; Fassio F; Ferrucci SM; Foti C; Gallo R; Gatta A; Guarneri F; Guidolin L; Hansel K; Lamacchia D; Lombardo C; Minciullo PL; Napolitano M; Pannofino A; Paravisi A; Parente R; Passante M; Patruno C; Peroni D; Quecchia C; Schettini N; Spadaro G; Stingeni L; Tarrini D; Tramontana M; Nettis E; Rossi O,10.1186/s12948-021-00165-6
8684076,PMC8684076,Adult-onset mast cell activation syndrome following scombroid poisoning: a case report and review of the literature.,J Med Case Rep,2021 Dec 18,Brock I; Eng N; Maitland A,10.1186/s13256-021-03190-w
8587177,PMC8587177,Cardiac complications in a patient affected by systemic mastocytosis and primitive myelofibrosis: A case report.,Clin Case Rep,2021 Nov,Suppa M; Marino L; Piccari P; Masselli G; Gradini R,10.1002/ccr3.4972
8556140,PMC8556140,The Role of Avapritinib for the Treatment of Systemic Mastocytosis.,Cureus,2021 Sep,Sumbly V; Landry I; Iqbal S; Bhatti Z; Alshamam MS; Ashfaq S; Rizzo V,10.7759/cureus.18385
7903504,PMC7903504,Acute Myocardial Infarction in Systemic Mastocytosis: Case Report With Literature Review on the Role of Inflammatory Process in Acute Coronary Syndrome.,Curr Cardiol Rev,2020,Battisha A; Sawalha K; Madoukh B; Sheikh O; Doughem K; Al-Akchar M; Al-Sadawi M; Shaikh S,10.2174/1573403X16666200331123242
8533777,PMC8533777,Mastocytosis-A Review of Disease Spectrum with Imaging Correlation.,Cancers (Basel),2021 Oct 12,Elsaiey A; Mahmoud HS; Jensen CT; Klimkowski S; Taher A; Chaudhry H; Morani AC; Wong VK; Salem UI; Palmquist SM; Elsayes KM,10.3390/cancers13205102
8467046,PMC8467046,State-of-the-Art on Biomarkers for Anaphylaxis in Obstetrics.,Life (Basel),2021 Aug 24,Simionescu AA; Stanescu AMA; Popescu FD,10.3390/life11090870
8425380,PMC8425380,Systemic Mastocytosis: Radiological Point of View.,Mediterr J Hematol Infect Dis,2021,Leone A; Macagnino S; D'Ambra G; Veltri G; Perla D,10.4084/MJHID.2021.056
8404676,PMC8404676,A case report of primary cutaneous marginal zone B-cell lymphoma with mastocytosis.,SAGE Open Med Case Rep,2021,Lee HY; Lee JS; Koo DW,10.1177/2050313X211042527
8342167,PMC8342167,Utilization of Rituximab for Refractory Rowell Syndrome.,Case Rep Rheumatol,2021,Singh S; Sheffield S; Chowdhury N; Nuthulaganti S; Vaghaiwalla Z; Ramsubeik K,10.1155/2021/2727382
8193587,PMC8193587,Safe administration of chemotherapy in mast cell activation syndrome.,J Oncol Pharm Pract,2021 Jun,Lythgoe MP; Krell J; McNeish IA; Tookman L,10.1177/1078155220953879
8135458,PMC8135458,Reduced Visual Field Activity Due to Covid-19 in a Patient With a Pituitary Macroadenoma.,J Endocr Soc,2021 May 3,Rosner MN; Aridi RA,10.1210/jendso/bvab048.1237
8008611,PMC8008611,"Medical, neurobiological, and psychobehavioral perspectives of mastocytosis: a case report.",J Med Case Rep,2021 Mar 30,Héron A; Papillon V; Dubayle D,10.1186/s13256-021-02757-x
8001403,PMC8001403,Response Criteria in Advanced Systemic Mastocytosis: Evolution in the Era of KIT Inhibitors.,Int J Mol Sci,2021 Mar 15,Shomali W; Gotlib J,10.3390/ijms22062983
7962052,PMC7962052,Mediator-Related Symptoms and Anaphylaxis in Children with Mastocytosis.,Int J Mol Sci,2021 Mar 7,Brockow K; Plata-Nazar K; Lange M; Nedoszytko B; Niedoszytko M; Valent P,10.3390/ijms22052684
7961806,PMC7961806,Real-World Efficacy of Midostaurin in Aggressive Systemic Mastocytosis.,J Clin Med,2021 Mar 7,Szudy-Szczyrek A; Bachanek-Mitura O; Gromek T; Chromik K; Mital A; Szczyrek M; Krupski W; Szumiło J; Kanduła Z; Helbig G; Hus M,10.3390/jcm10051109
7962470,PMC7962470,Omalizumab ensures compatibility to bee venom immunotherapy (VIT) after VIT-induced anaphylaxis in a patient with systemic mastocytosis.,Allergol Select,2021,Gülsen A; Ruëff F; Jappe U,10.5414/ALX02196E
7898829,PMC7898829,Graft-versus-mastocytosis effect after donor lymphocyte infusion: Proof of principle.,Eur J Haematol,2021 Feb,Hägglund H; Yavuz AS; Dreimane A; Malm C; Sundin A; Sander B; Nilsson G,10.1111/ejh.13528
7911219,PMC7911219,Mast Cell Activation Disorders.,Medicina (Kaunas),2021 Jan 30,Giannetti A; Filice E; Caffarelli C; Ricci G; Pession A,10.3390/medicina57020124
7873102,PMC7873102,Idiopathic Anaphylaxis: a Perplexing Diagnostic Challenge for Allergists.,Curr Allergy Asthma Rep,2021 Feb 9,Gulen T; Akin C,10.1007/s11882-021-00988-y
7869399,PMC7869399,A case of aggressive systemic mastocytosis with bulky lymphadenopathy showing response to midostaurin.,Clin Case Rep,2021 Feb,Sciumè M; Serpenti F; Muratori S; Pravettoni V; Ulivieri FM; Croci GA; Migliorini AC; Esposito A; Goldaniga MC; Saporiti GN; Galassi G; Baldini L; Onida F; Grifoni FI,10.1002/ccr3.3717
7813119,PMC7813119,Carbamazepine-induced Stevens-Johnson syndrome in a patient with history of methotrexate-induced mast cell activation syndrome.,Clin Case Rep,2021 Jan,Zaalouk TM; Bitar ZI; Maadarani OS; Elhabibi ME,10.1002/ccr3.3509
7688994,PMC7688994,Pancreatic neuroendocrine tumor presenting in indolent systemic mastocytosis: A case report.,Int J Surg Case Rep,2020,Sacco K; Khan TM; Passi M; Hernandez JM; Komarow H,10.1016/j.ijscr.2020.11.028
7687689,PMC7687689,CCT: continuous care trial - a randomized controlled trial of the provision of continuous care during labor by maternity care assistants in the Netherlands.,BMC Pregnancy Childbirth,2020 Nov 25,Lettink A; Chaibekava K; Smits L; Langenveld J; van de Laar R; Peeters B; Verstappen ML; Dirksen C; Nieuwenhuijze M; Scheepers H,10.1186/s12884-020-03336-6
7649174,PMC7649174,Dermoscopy in Monitoring and Predicting Therapeutic Response in General Dermatology (Non-Tumoral Dermatoses): An Up-To-Date Overview.,Dermatol Ther (Heidelb),2020 Dec,Errichetti E,10.1007/s13555-020-00455-y
7646220,PMC7646220,Catching the clinical and biological diversity for an appropriate therapeutic approach in systemic mastocytosis.,Ann Hematol,2021 Feb,Mannelli F,10.1007/s00277-020-04323-9
7327752,PMC7327752,Intracranial High-Grade Stenosis and Hyperhomocysteinemia Presenting as Cortical Subarachnoid Hemorrhage Concomitant with Acute Ischemic Stroke in a Young Man.,Am J Case Rep,2020 Jun 24,Qin W; Xie W; Xia M; Zhao RC; Zhang J,10.12659/AJCR.920606
7252834,PMC7252834,A Rare Case of Systemic Mastocytosis with Associated Hematologic Neoplasm (SM-AHN) Involving Chronic Myeloid Leukemia: A Case Report and Literature Review.,Am J Case Rep,2020 May 13,Ibrahim FA; Abdulla MAJ; Soliman D; Al Sabbagh A; Nawaz Z; Akiki SJ; Shwaylia H; Yassin MA,10.12659/AJCR.923354
7171446,PMC7171446,Systemic Mastocytosis: Following the Tyrosine Kinase Inhibition Roadmap.,Front Pharmacol,2020,Piris-Villaespesa M; Alvarez-Twose I,10.3389/fphar.2020.00443
7021538,PMC7021538,Presumed mast cell choroidal infiltrate in aggressive systemic mastocytosis.,Am J Ophthalmol Case Rep,2020 Jun,Tran TM; Najafi M; Ambros T; Pulido JS; Ustun C; Koozekanani D,10.1016/j.ajoc.2020.100614
7000442,PMC7000442,Primary cicatricial alopecia associated with systemic indolent mastocytosis.,JAAD Case Rep,2020 Feb,Prasad S; De Souza B; Burns LJ; Senna MM,10.1016/j.jdcr.2019.11.012
6886439,PMC6886439,"Proposed diagnostic criteria for classical chronic myelomonocytic leukemia (CMML), CMML variants and pre-CMML conditions.",Haematologica,2019 Oct,Valent P; Orazi A; Savona MR; Patnaik MM; Onida F; van de Loosdrecht AA; Haase D; Haferlach T; Elena C; Pleyer L; Kern W; Pemovska T; Vladimer GI; Schanz J; Keller A; Lübbert M; Lion T; Sotlar K; Reiter A; De Witte T; Pfeilstöcker M; Geissler K; Padron E; Deininger M; Orfao A; Horny HP; Greenberg PL; Arber DA; Malcovati L; Bennett JM,10.3324/haematol.2019.222059
6854920,PMC6854920,Highly Aggressive CD4-Positive Mast Cell Leukaemia (Leukaemic Variant) Associated with Isolated Trisomy 19 and Hemophagocytosis by Neoplastic Mast Cells: A Case Report with Challenging Experience and Review.,Case Rep Hematol,2019,Soliman DS; Al-Sabbagh A; Ibrahim F; Gameil A; Yassin M; El-Omri H,10.1155/2019/1805270
6851912,PMC6851912,Weird and wonderful ICU cases: Unusual causes of shock.,Qatar Med J,2019,Al-Busaidi M,10.5339/qmj.2019.qccc.53
6766258,PMC6766258,Efficacy of Omalizumab in Indolent Systemic Mastocytosis.,Case Rep Hematol,2019,Slapnicar C; Trinkaus M; Hicks L; Vadas P,10.1155/2019/3787586
6768441,PMC6768441,Successful treatment of idiopathic mast cell activation syndrome with low-dose Omalizumab.,Clin Transl Immunology,2019,Berry R; Hollingsworth P; Lucas M,10.1002/cti2.1075
6756067,PMC6756067,KIT D816 mutated/CBF-negative acute myeloid leukemia: a poor-risk subtype associated with systemic mastocytosis.,Leukemia,2019 May,Jawhar M; Döhner K; Kreil S; Schwaab J; Shoumariyeh K; Meggendorfer M; Span LLF; Fuhrmann S; Naumann N; Horny HP; Sotlar K; Kubuschok B; von Bubnoff N; Spiekermann K; Heuser M; Metzgeroth G; Fabarius A; Klein S; Hofmann WK; Kluin-Nelemans HC; Haferlach T; Döhner H; Cross NCP; Sperr WR; Valent P; Reiter A,10.1038/s41375-018-0346-z
6743404,PMC6743404,Dermatoscopy of Urticaria Pigmentosa with and without Darier's Sign in Skin of Colour.,Indian Dermatol Online J,2019 Sep-Oct,Nirmal B; Krishnaram AS; Muthu Y; Rajagopal P,10.4103/idoj.IDOJ_501_18
6472224,PMC6472224,Study of Middle Cerebral Artery in Human Cadaveric Brain.,Ann Indian Acad Neurol,2019 Apr-Jun,Gunnal SA; Farooqui MS; Wabale RN,10.4103/0972-2327.144289
6387409,PMC6387409,Bone Marrow Mast Cell Antibody-Targetable Cell Surface Protein Expression Profiles in Systemic Mastocytosis.,Int J Mol Sci,2019 Jan 28,Dasilva-Freire N; Mayado A; Teodosio C; Jara-Acevedo M; Álvarez-Twose I; Matito A; Sánchez-Muñoz L; Caldas C; Henriques A; Muñoz-González JI; García-Montero AC; Sánchez-Gallego JI; Escribano L; Orfao A,10.3390/ijms20030552
6380077,PMC6380077,Arterio-venous fistula-expanding role for venous access in mastocytosis patients.,J Surg Case Rep,2019 Feb,Beh HN; Sieunarine K,10.1093/jscr/rjz053
6250909,PMC6250909,Radiotherapy for breast cancer associated with a cutaneous presentation of systemic mastocytosis-a case report and literature review.,J Surg Case Rep,2018 Nov,Easwaralingam N; Wu Y; Cheung D; Tiver K; Fuller S; Edirimanne S,10.1093/jscr/rjy317
6220989,PMC6220989,"Low frequency of acetyl salicylic acid hypersensitivity in mastocytosis: The results of a double-blind, placebo-controlled challenge study.",Allergy,2018 Oct,Hermans MAW; van der Vet SQA; van Hagen PM; van Wijk RG; van Daele PLA,10.1111/all.13445
6159113,PMC6159113,Two cases of mimics of bone metastasis in breast cancer.,BJR Case Rep,2018,Tin AW; Hardman J; Naisby G,10.1259/bjrcr.20170091
6147426,PMC6147426,Anisakis sensitization in different population groups and public health impact: A systematic review.,PLoS One,2018,Mazzucco W; Raia DD; Marotta C; Costa A; Ferrantelli V; Vitale F; Casuccio A,10.1371/journal.pone.0203671
6157556,PMC6157556,Mast cell deposition and activation may be a new explanation for epiploic appendagitis.,BMJ Case Rep,2018 Sep 23,Weinstock LB; Kaleem Z; Selby D; Afrin LB,10.1136/bcr-2018-224689
6132108,PMC6132108,Diffuse cutaneous mastocytosis with novel somatic KIT mutation K509I and association with tuberous sclerosis.,Clin Case Rep,2018 Sep,Otani IM; Carroll RW; Yager P; Kroshinsky D; Murphy S; Hornick JL; Akin C; Castells M; Walter JE,10.1002/ccr3.1607
6057401,PMC6057401,Aggressive Systemic Mastocytosis in Association with Pure Red Cell Aplasia.,Case Rep Hematol,2018,Karam D; Swiatkowski S; Ravipati M; Agrawal B,10.1155/2018/6928571
6002427,PMC6002427,Mastocytosis: from a Molecular Point of View.,Clin Rev Allergy Immunol,2018 Jun,Komi DEA; Rambasek T; Wöhrl S,10.1007/s12016-017-8619-2
5987329,PMC5987329,Management of a Parturient with Mast Cell Activation Syndrome: An Anesthesiologist's Experience.,Case Rep Anesthesiol,2018,Kumaraswami S; Farkas G,10.1155/2018/8920921
5946163,PMC5946163,Case Report: Treatment of systemic mastocytosis with sunitinib.,F1000Res,2017,Molderings GJ; Afrin LB; Hertfelder HJ; Brettner S,10.12688/f1000research.13343.1
5881244,PMC5881244,Idiopathic Mast Cell Activation Syndrome With Associated Salicylate Intolerance.,Front Pediatr,2018,Rechenauer T; Raithel M; Götze T; Siebenlist G; Rückel A; Baenkler HW; Hartmann A; Haller F; Hoerning A,10.3389/fped.2018.00073
5778345,PMC5778345,"Successful treatment of postural orthostatic tachycardia and mast cell activation syndromes using naltrexone, immunoglobulin and antibiotic treatment.",BMJ Case Rep,2018 Jan 11,Weinstock LB; Brook JB; Myers TL; Goodman B,10.1136/bcr-2017-221405
5727626,PMC5727626,Myelodysplasia and Mast Cell Leukemia with t(9;22).,Case Rep Oncol Med,2017,Lago KJ; Shupe MP; Hannah WN; Velagaleti GVN; Mendiola C; Ortega V; Haney BR,10.1155/2017/9249302
5739150,PMC5739150,"Clinical and molecular categorization of progressive, adult-onset cutaneous mastocytosis.",JAAD Case Rep,2018 Jan,Tate C; Tang F; Lane SW; Seymour L,10.1016/j.jdcr.2017.09.038
5715414,PMC5715414,Multiple large osteolytic lesions in a patient with systemic mastocytosis: a challenging diagnosis.,Clin Case Rep,2017 Dec,Bonifacio M; Zanotti R; Guardalben E; Mimiola E; Scognamiglio F; Perbellini O; De Matteis G; Escribano L; Bonadonna P; Grigolato D; Bissoli S; Parisi A; Zamò A; Ambrosetti A; Rossini M,10.1002/ccr3.1232
5637574,PMC5637574,Systemic Mastocytosis in Association with Small Lymphocytic Lymphoma.,Am J Case Rep,2017 Oct 3,Iqbal MF; Soriano PMK; Nagendra S; Sana S,10.12659/ajcr.905759
5640882,PMC5640882,Mucinous Cystadenoma: A Rare Hepatic Tumor in a Child.,Front Pediatr,2017,Ferraguti DA; McGetrick M; Zendejas I; Hernandez-Gonzalo D; Gonzalez-Peralta R,10.3389/fped.2017.00215
5620310,PMC5620310,Imatinib in systemic mastocytosis: a phase IV clinical trial in patients lacking exon 17 KIT mutations and review of the literature.,Oncotarget,2017 Sep 15,Alvarez-Twose I; Matito A; Morgado JM; Sánchez-Muñoz L; Jara-Acevedo M; García-Montero A; Mayado A; Caldas C; Teodósio C; Muñoz-González JI; Mollejo M; Escribano L; Orfao A,10.18632/oncotarget.10711
5589409,PMC5589409,Fatal Anaphylaxis: Mortality Rate and Risk Factors.,J Allergy Clin Immunol Pract,2017 Sep-Oct,Turner PJ; Jerschow E; Umasunthar T; Lin R; Campbell DE; Boyle RJ,10.1016/j.jaip.2017.06.031
5467965,PMC5467965,Angioedema: Perioperative management.,SAGE Open Med Case Rep,2017,Maynard AA; Burger CF; Schlesinger JJ,10.1177/2050313X17713912
5428180,PMC5428180,Acute Myeloid Leukemia With Inv(16)(p13q22) Associated With Hidden Systemic Mastocytosis: Case Report and Review of Literature.,Clin Med Insights Blood Disord,2017,Hilmi FAI; Al-Sabbagh A; Soliman DS; Sabah HA; Ismail OM; Yassin M; El-Omri H,10.1177/1179545X17700858
5451335,PMC5451335,The clinical and molecular diversity of mast cell leukemia with or without associated hematologic neoplasm.,Haematologica,2017 Jun,Jawhar M; Schwaab J; Meggendorfer M; Naumann N; Horny HP; Sotlar K; Haferlach T; Schmitt K; Fabarius A; Valent P; Hofmann WK; Cross NCP; Metzgeroth G; Reiter A,10.3324/haematol.2017.163964
5419203,PMC5419203,Morphologic Confounders and CD19 Negativity in a Case of Hairy Cell Leukemia.,Mediterr J Hematol Infect Dis,2017,Rastogi P; Sreedharanunni S; Yanamandra U; Sachdeva MUS; Varma N,10.4084/MJHID.2017.033
5402659,PMC5402659,Continuous diphenhydramine infusion and imatinib for KIT-D816V-negative mast cell activation syndrome: a case report.,J Med Case Rep,2017 Apr 24,Malik F; Ali N; Jafri SIM; Ghani A; Hamid M; Boigon M; Fidler C,10.1186/s13256-017-1278-3
5402055,PMC5402055,Systemic mastocytosis with KIT V560G mutation presenting as recurrent episodes of vascular collapse: response to disodium cromoglycate and disease outcome.,Allergy Asthma Clin Immunol,2017,Conde-Fernandes I; Sampaio R; Moreno F; Palla-Garcia J; Teixeira MDA; Freitas I; Neves E; Jara-Acevedo M; Escribano L; Lima M,10.1186/s13223-017-0193-x
5323235,PMC5323235,Mast cell sarcoma: new cases and literature review.,Oncotarget,2016 Oct 4,Monnier J; Georgin-Lavialle S; Canioni D; Lhermitte L; Soussan M; Arock M; Bruneau J; Dubreuil P; Bodemer C; Chandesris MO; Lortholary O; Hermine O; Damaj G,10.18632/oncotarget.11812
5340655,PMC5340655,Systemic Mastocytosis Complicated by Non-Cirrhotic Portal Hypertension and Variceal Bleeding.,ACG Case Rep J,2017,McCarty TR; Hung A; Mohanty A; Allen JI,10.14309/crj.2017.30
5311425,PMC5311425,Intertriginous maculopapular mastocytosis in a patient with acute myeloid leukemia.,JAAD Case Rep,2017 Jan,Herrero-Moyano M; Capusan TM; Pérez-Plaza A; Godoy A; Sánchez-Perez J,10.1016/j.jdcr.2016.11.004
5209625,PMC5209625,IgE-Related Chronic Diseases and Anti-IgE-Based Treatments.,J Immunol Res,2016,Navinés-Ferrer A; Serrano-Candelas E; Molina-Molina GJ; Martín M,10.1155/2016/8163803
5121168,PMC5121168,"Mast Cell Clonal Disorders: Classification, Diagnosis and Management.",Curr Treat Options Allergy,2016,Onnes MC; Tanno LK; Elberink JN,10.1007/s40521-016-0103-3
5123301,PMC5123301,4th Pediatric Allergy and Asthma Meeting (PAAM).,Clin Transl Allergy,2016,Yavuz ST; Koc O; Gungor A; Gok F; Hawley J; O’Brien C; Thomas M; Brodlie M; Michaelis L; Mota I; Gaspar Â; Piedade S; Sampaio G; Dias JG; Paiva M; Morais-Almeida M; Madureira C; Lopes T; Lopes S; Almeida F; Sequeira A; Carvalho F; Oliveira J; Gay-Crosier F; Nenciu IV; Nita AF; Ulmeanu A; Oraseanu D; Zapucioiu C; Machinena A; Sánchez OD; Lozano MA; Feijoo RJ; Blasco JL; Gibert MP; Muñoz MªTG; da Costa MD; Martín AMP; Yilmaz EA; Cavkaytar Ö; Buyuktiryaki B; Soyer O; Sackesen C; Netting M; El-Merhibi A; Gold M; Quinn P; Penttila I; Makrides M; Giavi S; Muraro A; Lauener R; Mercenier A; Bersuch E; Montagner IM; Passioti M; Celegato N; Summermatter S; Nutten S; Bourdeau T; Vissers YM; Papadopoulos NG; van der Kleij H; Warmenhoven H; van Ree R; Pieters R; Opstelten DJ; van Schijndel H; Smit J; Fitzsimons R; Timms V; Du Toit G; Kaya G; Gulec M; Saldir M; Sener O; Hassan N; Shaaban H; El-Hariri H; Mahfouz AKIE; Gabor P; Gabor B; Csaba K; Chawes B; Bønnelykke K; Stokholm J; Heickendorff L; Brix S; Rasmussen M; Bisgaard H; Hallas HW; Arianto L; Pincus M; Keil T; Reich A; Wahn U; Lau S; Grabenhenrich L; Fagerstedt S; Hesla HM; Johansson E; Rosenlund H; Mie A; Scheynius A; Alm J; Esparza-Gordillo J; Matanovic A; Marenholz I; Bauerfeind A; Rohde K; Nemat K; Lee-Kirsch MA; Nordenskjöld M; Winge MCG; Krüger R; Beyer K; Kalb B; Niggemann B; Hübner N; Cordell HJ; Bradley M; Lee YA; Gough H; Schramm D; Beschorner J; Schuster A; Bauer CP; Forster J; Zepp F; Bergmann R; Bergmann K; Garcia FB; Santos N; Pité H; Papadopoulou A; Mermiri D; Xatziagorou E; Tsanakas I; Lampidi S; Priftis K; Fuertes E; Markevych I; Bowatte G; Gruzieva O; Gehring U; Becker A; Berdel D; Brauer M; Carlsten C; Hoffmann B; Kozyrskyj A; Lodge C; Pershagen G; Wijga A; Joachim H; Zivkovic Z; Djuric-Filipovic I; Jocić-Stevanovic J; Zivanovic S; Taka S; Kokkinou D; Papakonstantinou A; Stefanopoulou P; Georgountzou A; Maggina P; Stamataki S; Papaevanggelou V; Andreakos E; Gibert MP; Spera AM; Deliu M; Belgrave D; Simpson A; Custovic A; Marques JG; Carreiro-Martins P; Belo J; Serranho S; Peralta I; Neuparth N; Leiria-Pinto P; Vazquez-Ortiz M; Pascal M; Plaza AM; Juan M; Paparo L; Nocerino R; Aitoro R; Langella I; Amoroso A; Amoroso A; Di Scala C; Berni Canani R; Maity S; Rotiroti G; Gandhi M; Jonsson K; Ljung A; Hesselmar B; Adlerbert I; Brekke H; Johansen S; Wold A; Sandberg AS; Nordlund B; Lundholm C; Ullemar V; van Hage M; Örtqvist A; Almqvist C; Selby A; Grimshaw K; Clausen M; Dubakiene R; Fiocchi A; Kowalski M; Papadopoulos N; Reche M; Sigurdardottir S; Sprikkleman A; Xepapadaki P; Mills C; Roberts G; Neto HJC; Wandalsen GF; Bianca ACD; Aranda C; Rosário NA; Solé D; Mallol J; Marcos LG; Banic I; Rijavec M; Plavec D; Korosec P; Turkalj M; Bozicevic A; De Mieri M; Hamburger M; Holley S; Morris R; Mitchell F; Knibb R; Latter S; Liossi C; Hassan MMM; Barman M; Sandin A; Posa D; Perna S; Hoffmann U; Chen KW; Resch Y; Vrtala S; Valenta R; Matricardi PM; Tsilochristou O; Rohrbach A; Cappella A; Hofmaier S; Hatzler L; D’Amelio R; Björkander S; Johansson MA; Lasaviciute G; Sverremark-Ekström E; Rüschendorf F; Strachan DP; Spycher BD; Baurecht H; Margaritte-Jeannin P; Sääf A; Kerkhof M; Ege M; Baltic S; Matheson MC; Li J; Michel S; Ang WQ; McArdle W; Arnold A; Homuth G; Demenais F; Bouzigon E; Söderhäll C; de Jongste JC; Postma DS; Braun-Fahrländer C; Horak E; Ogorodova LM; Puzyrev VP; Bragina EY; Hudson TJ; Morin C; Duffy DL; Marks GB; Robertson CF; Montgomery GW; Musk B; Thompson PJ; Martin NG; James A; Sleiman P; Toskala E; Rodriguez E; Fölster-Holst R; Franke A; Lieb W; Gieger C; Heinzmann A; Rietschel E; Cichon S; Nöthen MM; Pennell CE; Sly PD; Schmidt CO; Schneider V; Heinig M; Holt PG; Kabesch M; Weidinger S; Hakonarson H; Ferreira MAR; Laprise C; Freidin MB; Genuneit J; Koppelman GH; Melén E; Dizier MH; John Henderson A; Lee YA; González-Delgado P; Caparrós E; Clemente F; Cueva B; Moreno VM; Carretero JL; Fernández J; Swan K; Gopi M; Smith T; Ramesh E; Sadasivam A; Arêde C; Borrego LM; Pires G; Santa-Marta C; Brand S; Stein K; Heine H; Kauth M; Rolfsjord LB; Bakkeheim E; Skjerven HO; Carlsen KH; Hunderi JO; Berents TL; Mowinckel P; Lødrup Carlsen KC; Munzel U; Berger W; Valiente R; the Bilastine Pediatric Safety Study Group; Vozmediano V; Lukas JC; Rodríguez M; Guarnaccia S; Vitale L; Pluda A; D’Agata E; Colombo D; Felici S; Gretter V; Facchetti S; Pecorelli G; Quecchia C; Guibas G; Spandou E; Megremis S; West P; Papadopoulos N; Rufo JC; Madureira J; Paciência I; Aguiar L; Padrão P; Pinto M; Delgado L; Moreira P; Teixeira JP; Fernandes EO; Moreira A; Dominguez AI; Valero A; Mullol J; Del Cuvillo A; Montoro J; Jauregui I; Bartra J; Davila I; Ferrer M; Sastre J; Martins C; Lima J; Leandro MJ; Nunes G; Branco JC; Trindade H; Borrego LM; Conkar S; Kilic M; Aygun C; Sancak R; Tagalaki E; Banos L; Vlachou A; Giannoula F; Pavlakou M; Kryoni M; Makris K; Lazova S; Petrova G; Miteva D; Perenovska P; Klyucharova A; Skorohodkina O; Koumaki D; Manousaki A; Agrapidi M; Iatridou L; Eruk O; Myridakis K; Manousakis E; Koumaki V; Dimou M; Ingemansson M; Hedlin G; Pastor N; de Boissieu D; Vanderhoof J; Moore N; Maditz K; Mehdi A; Elhassan S; Beck C; Al-Hammadi A; Maris I; O’Sullivan R; Hourihane J; Raptis G; DunnGalvin A; Greenhawt M; Venter C; O’Regan E; Cronin D; O’Reilly A; Abdelaziz F; Khelifi-Touhami D; Selim N; Khelifi-Touhami T; Merida P; Plaza AMª; Castellanos JH; Lozano J; Dominguez O; Piquer M; Jimenez R; Giner MªT; Kakleas K; Joishy M; Maskele W; Jenkins HR; Escarrer M; Madroñero A; Guerra MT; Julia JC; Cerda JC; Contreras J; Tauler E; Vidorreta MJ; Rojo A; Del Valle S; Flynn N; Foley G; Harmon C; Fitzsimons J; Baynova K; Del Robledo ÁM; Marina L; Cortes A; Sciaraffia A; Castillo A; Juel-Berg N; Hansen KS; Poulsen LK; Lazar A; Aguiar R; Lopes A; Paes MJ; Santos AS; Pereira-Barbosa MA; Eke Gungor H; Uytun S; Sahiner UM; Altuner Torun Y; Zivanovic M; Atanasković-Marković M; Vesel T; Nahtigal M; Obermayer-Temlin A; Križnik EŠ; Maslar M; Bizjak R; Tomšič-Matic M; Posega-Devetak S; Skerbinjek-Kavalar M; Predalič M; Avčin T; Pouessel G; Beaudouin E; Moneret-Vautrin AM; Deschildre A; Allergy Vigilance Network; Viñas M; Borja B; Hernández N; Castillo MªJ; Izquierdo A; Ibero M; Kocabas CN; Heming C; Garrett E; Blackstock A; Chodhari R; Belohlavkova S; Kopelentova E; Visek P; Setinova I; Svarcova I; Sjölander S; Nilsson N; Berthold M; Ekoff H; Borres M; Nilsson C; González Domínguez L; Muñoz Archidona C; Moreira Jorge A; Quevedo Teruel S; Bracamonte Bermejo T; Castillo Fernández M; Pineda de la Losa F; Echeverría Zudaire LÁ; Vrani O; Mavroudi A; Fotoulaki M; Emporiadou M; Spiroglou K; Xinias I; Sadreddini HA; Warnes M; Traves D; Kostić G; Filipovic Đ; Sittisomwong S; Sittisomwong S; Podolec Z; Hartel M; Panek D; Podolec-Rubiś M; Banasik T; Abbasi E; Moghtaderi M; Sanneerappa P; Deliu A; Kutty M; Ramesh N; Sherkat R; Sabri MR; Dehghan B; Bigdelian H; Raeesi N; Afshar M; Rahimi H; Klein C; Al-Jebouri M; Svitich OA; Zubacheva DO; Potemkin DA; Gankovskaya LV; Zverev VV; OB Doyle E; Gallagher P; Dewlett S; Man K; Pocock J; Gerrardhughes A; Wasilewska J; Kaczmarski M; Lebensztejn D; Thuraisingham C; Sinniah D; Chen Y; Mei X; Ozdogan S; Karadeniz P; Ayyildiz-Emecen D; Oncul U; Sari G; Cavdar S; Farzan N; Vijverberg SJ; Palmer CJ; Tantisira KG; Maitland-van der Zee AH; on behalf of the PiCA consortium; Yavuzyilmaz F; Urganci N; Usta M; Hoxha M; Basho M; Wandalsen GF; Monteiro F; Lame B; Mesonjesi E; Sherri A; Ibranji A; Gjati L; Loloci G; Bardhi A; Moghtaderi B; Farjadian S; Eghtedari D; Olaya M; Del Mar Vasquez L; Ramirez LF; Serrano CD; Usta Guc B; Asilsoy S; Ozer F; Shopova S; Papochieva V; Loekmanwidjaja J; Mallozi M; Ratner P; Soteres D; Novák Z; Yáñez A; Ildikó K; Kuna P; Tortajada M; Valiente R; Feuerhahn J; Blome C; Hadler M; Karagiannis E; Langenbruch A; Augustin M; Roux M; Kakudo S; Zeldin RK; Sokolova A; Silva TM; Zivanovic SS; Cvetkovic V; Nikolic I; Zivanovic SJ; Saranac L; Nesterenko Z; Radic S; Milenkovic B; Smiljanic S; Micic-Stanijevic M; Calovic O; Hofbauer AMB; Agertoft L; Everson L; Kearney J; Coppel J; Braithwaite S; Christiansen ES; Kjaer HF; Eller E; Mørtz CG; Halken S; Román India C; Jiménez Jiménez J; Echeverría Zudaire L; O’Connor C; Kanti V; Lünnemann L; Malise G; Ludriksone L; Stroux A; Henrich W; Abu-Dakn M; Blume-Peytavi U; Garcia Bartels N; Schario M; Stanley T; Brandenbarg N; Boardman A; McGreevy G; Rodger E; Knight K; Taylor T; Scanlan G; Christoph G; van Stuivenberg M; Mosca F; Moro G; Chirico G; Braegger CP; Riedler J; Yavuz Y; Boehm G; Arasi S; Crisafulli G; Caminiti L; Porcaro F; Pajno GB; Tanaka A; Togawa Y; Oida K; Kambe N; Arkwright P; Amagai Y; Shimojo N; Sato Y; Mochizuki H; Jang H; Ishizaka S; Matsuda H; Barlianto W; Olivianto E; Chandra Kusuma HMS; Mollica M; Trinchese G; Alfano E; Amato F; Pirozzi C; Calignano A; Meli R; Rossberg S; Gerhold K; Zimmermann K; Zaino M; Geske T; Hamelmann E; Bogovic S; van den Berg J; Janssen C; Claver A; Martin-Muñoz MªF; Martorell C; Belver MT; Alonso Lebrero E; Zapatero L; Fuentes V; Piqué M; Plaza A; Muñoz C; Blasco C; Villa B; Gómez C; Nevot S; García JM; Echeverria L; DeWitt B; Holloway J; Hodge D; Ludman S; Jafari-Mamaghani M; Ebling R; Fox AT; Lack G; Lovén Björkman S; Ballardini N; Basu S; Hallet J; Srinivas J; Stringer H; Jay N; Fonseca P; Vieira C; Mastrorilli C; Caffarelli C; Asero R; Tripodi S; Dondi A; Ricci G; Povesi Dascola C; Calamelli E; Cipriani F; Di Rienzo Businco A; Bianchi A; Candelotti P; Frediani T; Verga C; Korovessi P; Tiliakou S; Tavoulari E; Moraiti KM; Tee WJ; Deiratany S; Seedhoo R; McNamara R; Okafor I; Khaleva E; Novic G; Bychkova N; Abd Al-Aziz A; Fatouh A; Motawie A; Bostany EE; Ibrahim A; Andonova S; Savov A; Zoto M; Kyriakakou M; Vassilopoulou M; Balaska A; Kostaridou S; Wartna J; Bohnen AM; Elshout G; Pols DHJ; Bindels PJE; Seys SF; Dilissen E; Van der Eycken S; Schelpe AS; Marijsse G; Troosters T; Vanbelle V; Aertgeerts S; Ceuppens JL; Dupont LJ; Peers K; Bullens DM; Lokas SB; Zivkovic J; Nogalo B; Kobal IM; Oliveira G; Pike K; Melo A; Amélia T; Cidrais Rodrigues JC; Serrano C; Lopes dos Santos JM; Lopes C; Schauer U; Bergmann KC; Moral L; Toral T; Marco N; Avilés BG; Fuentes MªJ; Garde J; Montahud C; Perona J; Forniés MªJ; Arroabarren E; Anda M; Sanz ML; Lizaso MT; Arregui C; May S; Hartz M; Joshi A; Park MA; Posega Devetak S; Koren Jeverica A; Castro L; Gouveia C; Marques AC; Cabral AJ; Amaral L; Carolino F; Castro E; Passos M; Cernadas JR; Amaral L; Dias de Castro E; Pineda F; Gomes A; Brough H; Röhmel J; Schwarz C; Mehl A; Stock P; Staab D; Seib C; Critchlow A; Barber A; Delavalle B; Garriga T; Vilá B; Astolfi A; Di Chiara C; Neri I; Patrizi A; Neskorodova K; Kudryavtseva A; Alvarez J; Palacios M; Martinez-Merino M; Vaquero I,10.1186/s13601-016-0117-8
5126489,PMC5126489,Systemic Mastocytosis Causing Refractory Pruritus in a Liver Disease Patient.,ACG Case Rep J,2016 Aug,Addepally NS; Klair JS; Girotra M; Jones J; Aduli F,10.14309/crj.2016.125
5112577,PMC5112577,Advances in the understanding and clinical management of mastocytosis and clonal mast cell activation syndromes.,F1000Res,2016,González-de-Olano D; Matito A; Orfao A; Escribano L,10.12688/f1000research.9565.1
5097803,PMC5097803,A Dog Is a Doctor's Best Friend: The Use of a Service Dog as a Perioperative Assistant.,Case Rep Pediatr,2016,Tew S; Taicher BM,10.1155/2016/9013520
5062667,PMC5062667,Ileal Pouch Biopsy Triggers Investigation and Diagnosis of Systemic Mastocytosis.,ACG Case Rep J,2016 Aug,Mannan AA; Shen B; Hsieh F; Patil DT,10.14309/crj.2016.67
5064901,PMC5064901,"A unique presentation of pulmonary disease in advanced systemic mastocytosis, proven by the presence of mast cells in bronchoalveolar lavage: a case report.",J Med Case Rep,2016 Oct 13,Hermans MA; Broijl A; van Daele PL,10.1186/s13256-016-1066-5
5014939,PMC5014939,FLAIR Hyperintense Vessel Sign of Both MCAs with Severe Heart Failure.,Case Rep Neurol Med,2016,Kim D; Lee SY; Seo KD,10.1155/2016/5169056
5014931,PMC5014931,"A 26-Year-Old Female with Systemic Mastocytosis with Associated Myeloid Neoplasm with Eosinophilia and Abnormalities of PDGFRB, t(4;5)(q21;q33).",Case Rep Hematol,2016,Brown LE; Zhang D; Persons DL; Yacoub A; Ponnala S; Cui W,10.1155/2016/4158567
4998476,PMC4998476,Mastocytosis among elderly patients: A multicenter retrospective French study on 53 patients.,Medicine (Baltimore),2016 Jun,Rouet A; Aouba A; Damaj G; Soucié E; Hanssens K; Chandesris MO; Livideanu CB; Dutertre M; Durieu I; Grandpeix-Guyodo C; Barète S; Bachmeyer C; Soria A; Frenzel L; Fain O; Grosbois B; de Gennes C; Hamidou M; Arlet JB; Launay D; Lavigne C; Arock M; Lortholary O; Dubreuil P; Hermine O; Georgin-Lavialle S,10.1097/MD.0000000000003901
4945533,PMC4945533,Chronic intractable diarrhea caused by gastrointestinal mastocytosis.,Intest Res,2016 Jul,Seo H; Park SH; Byeon JS; Woo CG; Hong SM; Chang K; So H; Kwak M; Kim WS; Lee JM; Yang DH; Kim KJ; Ye BD; Myung SJ; Yang SK,10.5217/ir.2016.14.3.280
4903110,PMC4903110,Pharmacological treatment options for mast cell activation disease.,Naunyn Schmiedebergs Arch Pharmacol,2016 Jul,Molderings GJ; Haenisch B; Brettner S; Homann J; Menzen M; Dumoulin FL; Panse J; Butterfield J; Afrin LB,10.1007/s00210-016-1247-1
4884845,PMC4884845,Systemic Mastocytosis with Smoldering Multiple Myeloma: Report of a Case.,Case Rep Oncol Med,2016,Ghanem S; Garcia G; Ying L; Hurford M; Odaimi M,10.1155/2016/3161768
4856249,PMC4856249,A child with mastocytosis and lymphomatoid papulosis.,Clin Case Rep,2016 May,Lange HJ; Agertoft L; Møller MB; Clemmensen O; Kristensen T; Vestergaard H; Mørtz CG; Bindslev-Jensen C; Broesby-Olsen S; Mastocytosis Centre Odense University Hospital (MastOUH),10.1002/ccr3.551
4852953,PMC4852953,Osteoporotic spinal burst fracture in a young adult as first presentation of systemic mastocytosis.,J Surg Case Rep,2016 May 2,Ble C; Tsitsopoulos PP; Anestis DM; Hadjileontiadou S; Koletsa T; Papaioannou M; Tsonidis C,10.1093/jscr/rjw063
4771862,PMC4771862,Systemic mastocytosis presenting as cardiac tamponade with CD25(+) pericardial mast cells.,Clin Case Rep,2016 Mar,Sukrithan VK; Salamon JN; Berulava G; Sibinga NE; Verma A,10.1002/ccr3.505
4727661,PMC4727661,Compressive myelopathy caused by isolated epidural myeloid sarcoma with systemic mastocytosis: Rare presentation of a hematological malignancy.,Neurosciences (Riyadh),2014 Jul,Kurian CJ; Madhavan I; Krishnankutty PK; Andrews MA,
4721669,PMC4721669,Pregnancy and Delivery in Patients with Mastocytosis Treated at the Polish Center of the European Competence Network on Mastocytosis (ECNM).,PLoS One,2016,Ciach K; Niedoszytko M; Abacjew-Chmylko A; Pabin I; Adamski P; Leszczynska K; Preis K; Olszewska H; Wydra DG; Hansdorfer-Korzon R,10.1371/journal.pone.0146924
4616764,PMC4616764,A French National Survey on Clotting Disorders in Mastocytosis.,Medicine (Baltimore),2015 Oct,Carvalhosa AB; Aouba A; Damaj G; Canioni D; Brouzes C; Gyan E; Durupt S; Durieu I; Cathebras P; Costédoat-Chalumeau N; Launay D; Pilmis B; Barete S; Frenzel L; Lortholary O; Hermine O; Hermans C; Chandesris MO,10.1097/MD.0000000000001414
4478337,PMC4478337,A Case of Intestinal Mastocytosis Misdiagnosed as Crohn's Disease.,Case Rep Gastroenterol,2015 May-Aug,Reggiani S; Cosso L; Adriani A; Pantaleoni S; Risso A; Vittone F; Chiusa L; Sapone N; Astegiano M,10.1159/000430946
4453286,PMC4453286,Critical care management of systemic mastocytosis: when every wasp is a killer bee.,Crit Care,2015 Jun 3,van der Weide HY; van Westerloo DJ; van den Bergh WM,10.1186/s13054-015-0956-z
4370013,PMC4370013,Hyperpigmented cutaneous lesions that flare-up with scratching: Darier's sign.,Oxf Med Case Reports,2015 Feb,Cuervo-Pardo LB; Gonzalez-Estrada A; Ruiz SJ; Pien LC,10.1093/omcr/omv004
4369969,PMC4369969,Moyamoya disease in a patient with neuromyelitis optica.,Oxf Med Case Reports,2014 Apr,Chan NH; Ip VH; Au L; Siu D; Leung T; Xiong L; Wong KS,10.1093/omcr/omu006
4338389,PMC4338389,Serum total tryptase level confirms itself as a more reliable marker of mast cells burden in mast cell leukaemia (aleukaemic variant).,Case Rep Hematol,2015,Savini P; Rondoni M; Poletti G; Lanzi A; Quercia O; Soverini S; De Benedittis C; Musardo G; Martinelli G; Stefanini GF,10.1155/2015/737302
4324745,PMC4324745,Cutaneous and gastrointestinal symptoms in two patients with systemic mastocytosis successfully treated with omalizumab.,Case Rep Med,2015,Lieberoth S; Thomsen SF,10.1155/2015/903541
4304775,PMC4304775,Anaphylactic reaction to platelet transfusion as the initial symptom of an undiagnosed systemic mastocytosis: a case report and review of the literature.,J Med Case Rep,2014 Nov 26,Blieden CR; Campuzano-Zuluaga G; Moul A; Chapman JR; Cioffi-Lavina M; Ikpatt OF; Byrne GE Jr; Vega F,10.1186/1752-1947-8-389
4238232,PMC4238232,An adult patient with systemic mastocytosis and B-acute lymphoblastic leukemia.,Case Rep Med,2014,Iliakis T; Rougkala N; Diamantopoulos PT; Papadopoulou V; Kalala F; Zervakis K; Giannakopoulou N; Chatzinikolaou P; Levidou G; Lakiotaki E; Korkolopoulou P; Patsouris E; Variami E; Viniou NA,10.1155/2014/526129
4211494,PMC4211494,Telangiectasia macularis eruptiva perstans: more than skin deep.,Dermatol Reports,2011 Jan 31,Watkins CE; Bokor WB; Leicht S; Youngberg G; Krishnaswamy G,10.4081/dr.2011.e12
4208443,PMC4208443,Systemic mastocytosis: a rare case of increased liver stiffness.,Case Reports Hepatol,2012,Adolf S; Millonig G; Seitz HK; Reiter A; Schirmacher P; Longerich T; Mueller S,10.1155/2012/728172
4198120,PMC4198120,The clinical impact of chromosomal microarray on paediatric care in Hong Kong.,PLoS One,2014,Tao VQ; Chan KY; Chu YW; Mok GT; Tan TY; Yang W; Lee SL; Tang WF; Tso WW; Lau ET; Kan AS; Tang MH; Lau YL; Chung BH,10.1371/journal.pone.0109629
4035675,PMC4035675,Bullous mastocytosis mimicking congenital epidermolysis bullosa.,Case Rep Dermatol,2014 May,Salas-Alanis JC; Rosales-Mendoza CE; Ocampo-Candiani J,10.1159/000362755
4033021,PMC4033021,Mast cell-mediated and associated disorders in pregnancy: a risky game with an uncertain outcome?,Front Immunol,2014,Woidacki K; Zenclussen AC; Siebenhaar F,10.3389/fimmu.2014.00231
3923619,PMC3923619,"Omalizumab, an anti-immunoglobulin E antibody: state of the art.",Drug Des Devel Ther,2014,Incorvaia C; Mauro M; Russello M; Formigoni C; Riario-Sforza GG; Ridolo E,10.2147/DDDT.S49409
3830880,PMC3830880,Bilateral synchronous granulomatous orchitis in a patient with erectile disfunction: clinical and pathologic study of the case.,Case Rep Urol,2013,Rodriguez Peña M; Moreno D,10.1155/2013/590608
3787002,PMC3787002,Familial occurrence of systemic mast cell activation disease.,PLoS One,2013,Molderings GJ; Haenisch B; Bogdanow M; Fimmers R; Nöthen MM,10.1371/journal.pone.0076241
3761194,PMC3761194,"Advanced systemic mastocytosis: the impact of KIT mutations in diagnosis, treatment, and progression.",Eur J Haematol,2013 Feb,Verstovsek S,10.1111/ejh.12043
3663351,PMC3663351,Systemic mastocytosis associated with chronic myelomonocytic leukemia and xanthogranuloma.,Dermatol Pract Concept,2012 Jul,Tschandl P; Müllauer L; Kittler H,10.5826/dpc.0203a03
3636968,PMC3636968,Systemic mastocytosis presenting as acute appendicitis: a case report and review of the literature.,Case Rep Oncol,2013 Jan,A Akbar S; Raza S; E Denney J; J Johannesen E; C Doll D,10.1159/000350678
3513068,PMC3513068,589 Urticaria Pigmentosa. Case Report.,World Allergy Organ J,2012 Feb,González-Díaz S; Arias-Cruz A; Mejia K; Gallego C; Garcia-Calderin D; Calva M; Dominguez L,10.1097/01.WOX.0000411704.27806.b8
3400919,PMC3400919,Mastocytosis in children and adults: clinical disease heterogeneity.,Arch Med Sci,2012 Jul 4,Lange M; Nedoszytko B; Górska A; Zawrocki A; Sobjanek M; Kozlowski D,10.5114/aoms.2012.29409
3172922,PMC3172922,Cancer risk in patients with Noonan syndrome carrying a PTPN11 mutation.,Eur J Hum Genet,2011 Aug,Jongmans MC; van der Burgt I; Hoogerbrugge PM; Noordam K; Yntema HG; Nillesen WM; Kuiper RP; Ligtenberg MJ; van Kessel AG; van Krieken JH; Kiemeney LA; Hoogerbrugge N,10.1038/ejhg.2011.37
3069946,PMC3069946,Mast cell activation disease: a concise practical guide for diagnostic workup and therapeutic options.,J Hematol Oncol,2011 Mar 22,Molderings GJ; Brettner S; Homann J; Afrin LB,10.1186/1756-8722-4-10
3014834,PMC3014834,"Hypotension, Syncope, and Fever in Systemic Mastocytosis without Skin Infiltration and Rapid Response to Corticosteroid and Cyclosporin: A Case Report.",Case Rep Med,2010,Ozdemir D; Dagdelen S; Erbas T; Agbaht K; Serefhanoglu S; Aksu S; Ersoy-Evans S,10.1155/2010/782595
2904792,PMC2904792,Oral and inhaled sodium cromoglicate in the management of systemic mastocytosis: a case report.,J Med Case Rep,2010 Jun 26,Edwards AM; Hagberg H,10.1186/1752-1947-4-193
2841250,PMC2841250,A V530I Mutation in c-KIT Exon 10 Is Associated to Imatinib Response in Extraabdominal Aggressive Fibromatosis.,Sarcoma,2010,Kurtz JE; Asmane I; Voegeli AC; Neuville A; Dufresne A; Litique V; Chevreau C; Bergerat JP,10.1155/2010/458156
2713498,PMC2713498,Systemic mastocytosis associated with t(8;21)(q22;q22) acute myeloid leukemia.,J Hematop,2009 Mar,Pullarkat ST; Pullarkat V; Kroft SH; Wilson CS; Ahsanuddin AN; Mann KP; Thein M; Grody WW; Brynes RK,10.1007/s12308-009-0023-2
